image_name,count
16784.jpg,39
17041.jpg,14
14582.jpg,15
13663.jpg,2
16829.jpg,54
16978.jpg,3
14826.jpg,1
13857.jpg,22
14247.jpg,14
13164.jpg,15
13547.jpg,2
13237.jpg,41
14085.jpg,45
14039.jpg,36
17281.jpg,1
14253.jpg,1
15953.jpg,15
14416.jpg,30
15668.jpg,12
14157.jpg,4
13864.jpg,6
17165.jpg,18
16484.jpg,5
13747.jpg,14
16658.jpg,48
15696.jpg,5
16871.jpg,31
15410.jpg,50
17190.jpg,1
13193.jpg,1
14048.jpg,2
13162.jpg,2
15907.jpg,14
15362.jpg,0
15773.jpg,2
17022.jpg,25
13120.jpg,29
14692.jpg,34
16815.jpg,27
13022.jpg,8
14237.jpg,6
17170.jpg,5
16200.jpg,0
15451.jpg,12
16480.jpg,67
16275.jpg,19
15707.jpg,43
15765.jpg,2
13597.jpg,19
14116.jpg,8
14955.jpg,43
16383.jpg,54
13383.jpg,6
15726.jpg,19
14207.jpg,8
15304.jpg,39
14860.jpg,16
13759.jpg,14
13525.jpg,3
15771.jpg,14
15602.jpg,0
15198.jpg,2
15488.jpg,3
16681.jpg,7
15270.jpg,52
14199.jpg,30
14750.jpg,1
15441.jpg,19
15925.jpg,3
17291.jpg,24
14845.jpg,16
13941.jpg,2
15500.jpg,48
13283.jpg,4
13557.jpg,3
14379.jpg,5
15520.jpg,0
13910.jpg,1
14028.jpg,10
13137.jpg,3
15476.jpg,103
15897.jpg,24
14087.jpg,6
15764.jpg,42
13396.jpg,6
14376.jpg,1
16352.jpg,21
16707.jpg,3
16044.jpg,17
13408.jpg,4
13287.jpg,19
17396.jpg,0
16319.jpg,16
14877.jpg,53
14086.jpg,5
16091.jpg,3
16278.jpg,3
13865.jpg,13
13684.jpg,14
15913.jpg,12
15287.jpg,48
16479.jpg,49
13820.jpg,43
15071.jpg,51
13840.jpg,13
14729.jpg,12
15963.jpg,2
14824.jpg,41
16906.jpg,2
13010.jpg,13
13837.jpg,15
17184.jpg,20
17289.jpg,6
14263.jpg,49
15409.jpg,4
15250.jpg,5
16993.jpg,3
16860.jpg,19
14570.jpg,4
13613.jpg,38
17327.jpg,38
13769.jpg,0
13096.jpg,10
14252.jpg,47
15241.jpg,17
14181.jpg,4
14801.jpg,48
13281.jpg,42
13612.jpg,21
15625.jpg,37
13540.jpg,2
14242.jpg,62
14829.jpg,4
14976.jpg,41
16708.jpg,33
16281.jpg,12
13537.jpg,2
14246.jpg,13
14927.jpg,28
17116.jpg,10
14792.jpg,33
17268.jpg,37
13029.jpg,9
14624.jpg,3
16104.jpg,1
17055.jpg,35
17417.jpg,1
17395.jpg,7
16025.jpg,24
17115.jpg,8
14196.jpg,127
16280.jpg,14
15375.jpg,31
14779.jpg,26
13333.jpg,52
16397.jpg,3
15465.jpg,1
13970.jpg,1
13851.jpg,25
16463.jpg,0
14282.jpg,55
14460.jpg,6
14962.jpg,39
13935.jpg,44
16234.jpg,32
15150.jpg,15
17007.jpg,33
13011.jpg,1
13527.jpg,41
14891.jpg,17
15180.jpg,3
13630.jpg,34
16858.jpg,2
13346.jpg,42
16596.jpg,9
15485.jpg,52
14483.jpg,12
13186.jpg,22
15212.jpg,74
14636.jpg,47
13784.jpg,1
15762.jpg,1
13105.jpg,10
14309.jpg,2
13269.jpg,16
15626.jpg,2
13499.jpg,7
16602.jpg,3
13623.jpg,2
14007.jpg,1
15884.jpg,2
16241.jpg,10
15233.jpg,3
17052.jpg,16
13660.jpg,1
17152.jpg,3
15193.jpg,3
16225.jpg,1
17136.jpg,2
16156.jpg,39
15790.jpg,4
13478.jpg,44
16934.jpg,6
13158.jpg,19
13810.jpg,101
15260.jpg,11
14678.jpg,45
14524.jpg,4
16609.jpg,8
15307.jpg,3
13016.jpg,33
17273.jpg,2
14915.jpg,21
16215.jpg,27
13428.jpg,16
17033.jpg,2
15449.jpg,9
16888.jpg,3
16098.jpg,5
13526.jpg,4
14224.jpg,2
17043.jpg,29
13260.jpg,34
13215.jpg,7
15521.jpg,11
13424.jpg,1
14999.jpg,13
15510.jpg,3
15157.jpg,3
16380.jpg,8
14335.jpg,20
14344.jpg,26
13791.jpg,21
13742.jpg,4
13514.jpg,4
13942.jpg,4
14122.jpg,35
16001.jpg,12
16861.jpg,44
13959.jpg,2
15348.jpg,18
16960.jpg,37
15819.jpg,5
13749.jpg,25
13039.jpg,21
14368.jpg,22
16207.jpg,32
15860.jpg,45
15411.jpg,64
14298.jpg,18
16235.jpg,75
13401.jpg,1
13127.jpg,40
16263.jpg,31
17322.jpg,13
15866.jpg,40
16714.jpg,0
15234.jpg,34
16851.jpg,36
16950.jpg,70
14909.jpg,3
13310.jpg,3
14328.jpg,11
15235.jpg,35
13661.jpg,4
14409.jpg,5
16994.jpg,7
17366.jpg,2
17262.jpg,7
15508.jpg,45
16844.jpg,4
13074.jpg,1
13842.jpg,2
15124.jpg,1
14617.jpg,18
14097.jpg,4
13178.jpg,32
14744.jpg,30
17393.jpg,56
15448.jpg,15
15426.jpg,26
13969.jpg,40
14628.jpg,54
13683.jpg,56
16704.jpg,0
14669.jpg,2
13278.jpg,11
14002.jpg,2
14623.jpg,37
14823.jpg,2
15852.jpg,2
15338.jpg,18
14354.jpg,24
14293.jpg,2
13985.jpg,42
16119.jpg,18
17072.jpg,3
15998.jpg,1
14794.jpg,48
13780.jpg,17
17133.jpg,23
13930.jpg,4
14616.jpg,3
15795.jpg,7
14762.jpg,21
14211.jpg,19
13448.jpg,45
14266.jpg,70
14928.jpg,3
17364.jpg,6
15162.jpg,29
17360.jpg,0
15360.jpg,17
16445.jpg,23
14175.jpg,27
14265.jpg,10
14427.jpg,52
16909.jpg,42
14010.jpg,3
17223.jpg,17
14578.jpg,2
16366.jpg,11
15254.jpg,15
13806.jpg,28
13450.jpg,17
15160.jpg,14
16513.jpg,15
15782.jpg,25
14136.jpg,8
14832.jpg,3
16310.jpg,6
14513.jpg,1
13406.jpg,0
14771.jpg,19
16981.jpg,1
13249.jpg,54
13738.jpg,8
17403.jpg,1
14961.jpg,1
14803.jpg,10
14730.jpg,68
13567.jpg,6
13253.jpg,16
14865.jpg,39
16250.jpg,10
17381.jpg,7
16103.jpg,13
15374.jpg,7
15222.jpg,1
14531.jpg,39
14734.jpg,21
14244.jpg,8
16269.jpg,5
17138.jpg,63
13993.jpg,53
15246.jpg,38
15155.jpg,3
13395.jpg,7
15791.jpg,35
13125.jpg,0
13736.jpg,16
16574.jpg,67
15727.jpg,51
16808.jpg,9
16010.jpg,2
14217.jpg,2
16542.jpg,4
16276.jpg,10
15245.jpg,13
13124.jpg,6
16079.jpg,3
14494.jpg,6
13611.jpg,7
16699.jpg,12
13655.jpg,4
14964.jpg,58
13143.jpg,42
15796.jpg,40
16514.jpg,3
13037.jpg,42
13758.jpg,5
13397.jpg,29
13483.jpg,3
14113.jpg,6
16958.jpg,1
13255.jpg,35
17225.jpg,37
13417.jpg,19
15566.jpg,4
16593.jpg,8
16625.jpg,2
15373.jpg,1
14296.jpg,47
16617.jpg,9
16440.jpg,1
13771.jpg,10
14904.jpg,48
16877.jpg,3
14921.jpg,12
17405.jpg,9
13665.jpg,12
17313.jpg,0
14657.jpg,27
16925.jpg,1
16619.jpg,1
13061.jpg,8
14878.jpg,14
15990.jpg,11
17177.jpg,9
14289.jpg,47
13506.jpg,48
16948.jpg,11
13603.jpg,0
16647.jpg,5
15938.jpg,4
15587.jpg,42
15054.jpg,3
17258.jpg,31
16800.jpg,15
14840.jpg,4
13917.jpg,4
16971.jpg,16
15792.jpg,39
13441.jpg,1
16757.jpg,16
16260.jpg,55
14978.jpg,13
14101.jpg,6
13400.jpg,46
14475.jpg,17
14972.jpg,25
15956.jpg,80
15980.jpg,18
15778.jpg,22
13351.jpg,32
13432.jpg,35
15546.jpg,61
13601.jpg,4
13967.jpg,15
15658.jpg,46
15065.jpg,9
15611.jpg,48
13274.jpg,40
16003.jpg,16
14025.jpg,32
16614.jpg,11
14093.jpg,15
13492.jpg,21
15515.jpg,11
16694.jpg,0
14670.jpg,22
16653.jpg,53
15098.jpg,0
14838.jpg,7
15693.jpg,22
13279.jpg,41
16946.jpg,24
14949.jpg,32
15528.jpg,46
13740.jpg,2
15628.jpg,14
14221.jpg,4
13637.jpg,3
13748.jpg,75
16768.jpg,3
16731.jpg,7
14948.jpg,32
16535.jpg,29
15619.jpg,7
12997.jpg,32
15869.jpg,1
17387.jpg,16
16489.jpg,5
14776.jpg,2
13307.jpg,12
13774.jpg,46
14596.jpg,8
16675.jpg,39
16690.jpg,5
14325.jpg,18
15120.jpg,48
15989.jpg,29
16961.jpg,18
16591.jpg,1
16370.jpg,2
14006.jpg,44
16947.jpg,9
13827.jpg,7
16677.jpg,11
14406.jpg,2
14672.jpg,45
16064.jpg,41
16490.jpg,1
15637.jpg,53
14828.jpg,7
16646.jpg,2
14308.jpg,8
13315.jpg,3
17075.jpg,6
14708.jpg,3
15929.jpg,5
14381.jpg,65
15129.jpg,2
15580.jpg,36
16727.jpg,48
13897.jpg,0
15821.jpg,17
17409.jpg,46
16824.jpg,55
13550.jpg,2
13084.jpg,4
16117.jpg,2
14769.jpg,1
16787.jpg,13
16009.jpg,5
14268.jpg,4
16107.jpg,16
14778.jpg,29
15327.jpg,4
13761.jpg,9
13727.jpg,0
13848.jpg,2
14292.jpg,4
15041.jpg,2
16564.jpg,52
15595.jpg,1
13807.jpg,5
16100.jpg,46
14349.jpg,32
13156.jpg,42
17142.jpg,5
15299.jpg,11
13236.jpg,15
14654.jpg,1
14414.jpg,13
15935.jpg,7
16286.jpg,7
14232.jpg,5
16576.jpg,43
16292.jpg,24
15406.jpg,17
14671.jpg,16
13182.jpg,4
15085.jpg,13
16709.jpg,4
14095.jpg,8
13976.jpg,52
14831.jpg,57
16247.jpg,1
15859.jpg,11
16376.jpg,15
14200.jpg,2
13986.jpg,33
14784.jpg,3
13777.jpg,6
14698.jpg,25
14270.jpg,7
17071.jpg,50
14944.jpg,41
13519.jpg,9
14146.jpg,20
14862.jpg,11
14907.jpg,26
15363.jpg,10
15354.jpg,48
17247.jpg,4
14971.jpg,3
13534.jpg,1
14346.jpg,1
13891.jpg,23
14511.jpg,12
15960.jpg,13
13503.jpg,16
17064.jpg,1
15893.jpg,42
17204.jpg,4
15774.jpg,18
16290.jpg,19
16717.jpg,16
13599.jpg,48
17371.jpg,23
17201.jpg,1
16924.jpg,12
16568.jpg,4
16196.jpg,33
13151.jpg,11
17143.jpg,19
14861.jpg,40
16495.jpg,20
13892.jpg,3
15405.jpg,54
14119.jpg,38
14400.jpg,4
14125.jpg,23
16976.jpg,32
15142.jpg,1
13575.jpg,3
14653.jpg,13
14388.jpg,8
16902.jpg,9
15954.jpg,76
13109.jpg,19
15070.jpg,19
13183.jpg,43
15547.jpg,18
15011.jpg,2
16302.jpg,25
13681.jpg,5
13425.jpg,10
15669.jpg,14
16283.jpg,12
16629.jpg,39
14763.jpg,3
15258.jpg,17
16594.jpg,10
16626.jpg,1
16457.jpg,0
13636.jpg,7
13964.jpg,9
15152.jpg,19
14930.jpg,11
16327.jpg,7
14519.jpg,19
16396.jpg,2
13000.jpg,1
16816.jpg,45
17337.jpg,2
14158.jpg,67
13502.jpg,24
15464.jpg,8
13317.jpg,2
13539.jpg,1
14626.jpg,2
14896.jpg,1
16988.jpg,3
14094.jpg,28
15016.jpg,2
16713.jpg,35
16864.jpg,1
17254.jpg,11
15822.jpg,8
15886.jpg,2
15179.jpg,1
13552.jpg,10
16217.jpg,56
14648.jpg,47
14130.jpg,16
13629.jpg,36
13166.jpg,11
16819.jpg,29
16377.jpg,2
15337.jpg,5
16837.jpg,15
14474.jpg,3
14397.jpg,30
15256.jpg,8
17077.jpg,48
14332.jpg,4
15461.jpg,39
15462.jpg,52
15215.jpg,17
17016.jpg,15
16187.jpg,7
13048.jpg,8
15915.jpg,4
15355.jpg,13
16043.jpg,2
15438.jpg,44
16201.jpg,2
16295.jpg,4
15205.jpg,14
16746.jpg,13
15642.jpg,3
15430.jpg,13
15225.jpg,1
15967.jpg,1
13265.jpg,10
16595.jpg,3
14726.jpg,2
16427.jpg,11
17398.jpg,42
15010.jpg,8
16545.jpg,1
16246.jpg,41
16795.jpg,1
13948.jpg,40
15876.jpg,32
15226.jpg,14
14026.jpg,19
13648.jpg,3
13595.jpg,2
13451.jpg,15
15017.jpg,2
13172.jpg,32
16497.jpg,17
15638.jpg,39
14333.jpg,7
16756.jpg,7
15662.jpg,3
16307.jpg,27
14957.jpg,3
13692.jpg,40
15440.jpg,16
17081.jpg,36
16942.jpg,111
16580.jpg,53
13133.jpg,1
15384.jpg,51
16523.jpg,20
14120.jpg,9
17413.jpg,16
13376.jpg,2
13844.jpg,0
13698.jpg,2
15093.jpg,46
15577.jpg,7
15713.jpg,1
14995.jpg,28
16921.jpg,36
17214.jpg,5
15302.jpg,20
15997.jpg,60
16983.jpg,26
16095.jpg,8
15682.jpg,33
13295.jpg,50
13136.jpg,20
14171.jpg,2
15536.jpg,49
13464.jpg,6
17125.jpg,80
15747.jpg,13
14348.jpg,34
14061.jpg,79
13965.jpg,2
13357.jpg,9
15228.jpg,13
14640.jpg,16
15423.jpg,1
13152.jpg,2
15112.jpg,9
13023.jpg,29
13189.jpg,20
15845.jpg,2
15831.jpg,11
15554.jpg,1
14151.jpg,3
16401.jpg,3
13014.jpg,14
15210.jpg,32
14867.jpg,2
17241.jpg,2
13413.jpg,2
15499.jpg,33
15342.jpg,47
17015.jpg,6
16809.jpg,5
14137.jpg,15
17092.jpg,8
15437.jpg,12
17361.jpg,31
14872.jpg,29
13196.jpg,53
17231.jpg,6
15641.jpg,21
15537.jpg,1
15140.jpg,21
15163.jpg,15
13219.jpg,16
13593.jpg,7
16773.jpg,50
13374.jpg,3
15002.jpg,5
15591.jpg,3
15805.jpg,0
15330.jpg,0
14677.jpg,35
14176.jpg,2
14813.jpg,120
16919.jpg,0
15207.jpg,8
15030.jpg,45
15107.jpg,21
15229.jpg,22
13624.jpg,57
17342.jpg,8
16615.jpg,40
17382.jpg,5
13379.jpg,3
16154.jpg,43
14622.jpg,5
17097.jpg,5
13261.jpg,39
17113.jpg,9
16482.jpg,22
16645.jpg,41
15380.jpg,3
14738.jpg,0
13571.jpg,1
13591.jpg,0
16070.jpg,40
13532.jpg,1
16890.jpg,1
13685.jpg,89
14336.jpg,37
16869.jpg,38
15839.jpg,37
16262.jpg,18
16175.jpg,0
13796.jpg,45
16544.jpg,39
14303.jpg,55
15361.jpg,13
14228.jpg,2
15672.jpg,1
13420.jpg,1
15750.jpg,5
15992.jpg,5
16116.jpg,10
15939.jpg,15
15357.jpg,7
13609.jpg,37
15958.jpg,50
14541.jpg,16
14084.jpg,6
14810.jpg,42
15216.jpg,46
14969.jpg,1
14459.jpg,13
16703.jpg,44
14411.jpg,2
14814.jpg,26
14109.jpg,11
14543.jpg,13
16505.jpg,3
15812.jpg,1
13856.jpg,4
15072.jpg,4
15920.jpg,0
13159.jpg,2
15218.jpg,34
16033.jpg,2
16989.jpg,0
16094.jpg,6
14604.jpg,1
16353.jpg,17
14461.jpg,6
16379.jpg,25
15341.jpg,10
14470.jpg,3
14841.jpg,37
17288.jpg,14
16970.jpg,22
15221.jpg,2
16326.jpg,1
14851.jpg,4
14679.jpg,20
17308.jpg,59
14973.jpg,1
16918.jpg,18
15957.jpg,5
13454.jpg,15
13764.jpg,11
15891.jpg,6
13737.jpg,13
17173.jpg,26
16024.jpg,1
17183.jpg,24
15911.jpg,3
14947.jpg,5
17150.jpg,41
13579.jpg,11
16210.jpg,5
15388.jpg,0
17054.jpg,8
13323.jpg,1
15052.jpg,1
15540.jpg,12
16233.jpg,33
15829.jpg,23
17010.jpg,5
14864.jpg,46
15599.jpg,0
14819.jpg,4
14966.jpg,27
13171.jpg,2
16150.jpg,36
13009.jpg,24
16964.jpg,26
13362.jpg,45
13490.jpg,9
16112.jpg,3
16434.jpg,22
13364.jpg,8
14451.jpg,30
13257.jpg,3
13208.jpg,37
15759.jpg,0
17274.jpg,5
15984.jpg,6
14384.jpg,10
17320.jpg,18
13366.jpg,2
17106.jpg,1
13453.jpg,12
14780.jpg,50
15264.jpg,22
16289.jpg,5
15227.jpg,33
14078.jpg,2
15505.jpg,3
13042.jpg,73
15970.jpg,37
16604.jpg,3
15923.jpg,20
13931.jpg,33
13135.jpg,25
15467.jpg,7
14178.jpg,5
15539.jpg,41
14115.jpg,31
14898.jpg,20
13153.jpg,1
14052.jpg,48
15281.jpg,9
14555.jpg,8
15099.jpg,24
15296.jpg,131
13276.jpg,53
16384.jpg,2
13185.jpg,5
13312.jpg,2
15004.jpg,2
16518.jpg,12
13548.jpg,4
16515.jpg,8
14931.jpg,58
15881.jpg,17
15368.jpg,9
14992.jpg,16
16071.jpg,11
13487.jpg,34
14042.jpg,14
16840.jpg,4
13667.jpg,17
13966.jpg,7
17107.jpg,3
13883.jpg,32
14869.jpg,23
15995.jpg,32
16719.jpg,11
15040.jpg,1
13063.jpg,108
15486.jpg,38
14466.jpg,17
13518.jpg,38
16224.jpg,40
14080.jpg,10
14055.jpg,1
16941.jpg,7
15379.jpg,24
15803.jpg,46
15028.jpg,15
13005.jpg,2
16251.jpg,7
17073.jpg,7
17119.jpg,1
17230.jpg,9
13017.jpg,5
16810.jpg,3
16862.jpg,6
14493.jpg,18
13402.jpg,22
16975.jpg,34
15722.jpg,4
16177.jpg,47
13140.jpg,2
14492.jpg,8
13928.jpg,9
15344.jpg,2
17101.jpg,7
16901.jpg,36
15749.jpg,48
13325.jpg,34
13635.jpg,11
17235.jpg,2
16984.jpg,30
13825.jpg,38
16436.jpg,4
13739.jpg,5
17158.jpg,1
17038.jpg,6
14546.jpg,6
16485.jpg,9
16500.jpg,34
16097.jpg,15
14564.jpg,1
13659.jpg,0
16933.jpg,5
13069.jpg,2
13267.jpg,56
16354.jpg,33
16932.jpg,2
17057.jpg,60
15042.jpg,27
17164.jpg,49
16324.jpg,56
16894.jpg,0
14873.jpg,1
13382.jpg,10
15415.jpg,19
13522.jpg,0
14759.jpg,10
14811.jpg,6
15460.jpg,19
13416.jpg,4
14075.jpg,37
15502.jpg,37
15109.jpg,4
14423.jpg,51
14644.jpg,5
15416.jpg,54
15326.jpg,36
17259.jpg,6
14516.jpg,58
16439.jpg,2
15561.jpg,3
13797.jpg,2
16155.jpg,1
16794.jpg,10
17122.jpg,2
17108.jpg,77
14059.jpg,3
17300.jpg,50
16635.jpg,1
14615.jpg,36
13560.jpg,18
15532.jpg,5
14690.jpg,42
15059.jpg,5
16195.jpg,22
13782.jpg,6
14525.jpg,2
15751.jpg,41
15919.jpg,11
15548.jpg,1
17406.jpg,18
15652.jpg,50
16847.jpg,51
16825.jpg,0
17295.jpg,12
17176.jpg,18
14415.jpg,5
13101.jpg,54
13801.jpg,26
16781.jpg,22
13751.jpg,1
13452.jpg,22
13241.jpg,19
14189.jpg,36
13075.jpg,1
14993.jpg,45
16801.jpg,20
13002.jpg,4
16974.jpg,63
16444.jpg,4
15474.jpg,51
13286.jpg,47
15622.jpg,6
16206.jpg,2
16060.jpg,7
14592.jpg,38
15164.jpg,0
17246.jpg,13
14934.jpg,1
17006.jpg,4
14715.jpg,52
14038.jpg,9
15083.jpg,4
14941.jpg,7
17182.jpg,15
16683.jpg,6
14495.jpg,11
16375.jpg,28
15631.jpg,40
13040.jpg,28
15944.jpg,27
17232.jpg,50
14111.jpg,2
15153.jpg,0
17303.jpg,24
13800.jpg,40
15618.jpg,0
14195.jpg,101
13656.jpg,1
16739.jpg,1
16351.jpg,20
13841.jpg,4
16979.jpg,0
14000.jpg,1
16952.jpg,38
15219.jpg,1
14539.jpg,6
15523.jpg,8
16361.jpg,15
14172.jpg,35
