image,label
class_5_circle_1.png,5
class_5_circle_135.png,5
class_5_circle_157.png,5
class_7_circle_84.png,7
class_4_circle_109.png,4
class_2_circle_126.png,2
class_7_circle_86.png,7
class_5_circle_199.png,5
class_1_circle_60.png,1
class_6_circle_79.png,6
class_5_circle_137.png,5
class_10_circle_58.png,10
class_2_circle_38.png,2
class_5_circle_40.png,5
class_9_circle_131.png,9
class_4_circle_190.png,4
class_4_circle_30.png,4
class_1_circle_183.png,1
class_7_circle_5.png,7
class_9_circle_106.png,9
class_9_circle_40.png,9
class_6_circle_72.png,6
class_7_circle_15.png,7
class_8_circle_56.png,8
class_1_circle_55.png,1
class_1_circle_187.png,1
class_2_circle_34.png,2
class_5_circle_145.png,5
class_10_circle_59.png,10
class_8_circle_53.png,8
class_1_circle_33.png,1
class_10_circle_57.png,10
class_10_circle_115.png,10
class_6_circle_13.png,6
class_1_circle_147.png,1
class_10_circle_54.png,10
class_5_circle_185.png,5
class_6_circle_139.png,6
class_10_circle_70.png,10
class_7_circle_104.png,7
class_10_circle_131.png,10
class_2_circle_142.png,2
class_3_circle_191.png,3
class_1_circle_84.png,1
class_8_circle_196.png,8
class_6_circle_89.png,6
class_5_circle_89.png,5
class_8_circle_16.png,8
class_9_circle_179.png,9
class_3_circle_86.png,3
class_10_circle_76.png,10
class_8_circle_109.png,8
class_4_circle_132.png,4
class_1_circle_199.png,1
class_8_circle_140.png,8
class_4_circle_136.png,4
class_1_circle_7.png,1
class_5_circle_85.png,5
class_3_circle_192.png,3
class_10_circle_78.png,10
class_2_circle_145.png,2
class_5_circle_123.png,5
class_6_circle_148.png,6
class_4_circle_17.png,4
class_10_circle_92.png,10
class_5_circle_95.png,5
class_5_circle_63.png,5
class_3_circle_173.png,3
class_1_circle_120.png,1
class_10_circle_154.png,10
class_2_circle_3.png,2
class_6_circle_16.png,6
class_5_circle_117.png,5
class_2_circle_148.png,2
class_8_circle_107.png,8
class_7_circle_186.png,7
class_8_circle_145.png,8
class_9_circle_62.png,9
class_8_circle_36.png,8
class_10_circle_99.png,10
class_4_circle_106.png,4
class_7_circle_55.png,7
class_2_circle_52.png,2
class_6_circle_40.png,6
class_5_circle_184.png,5
class_5_circle_44.png,5
class_7_circle_12.png,7
class_1_circle_144.png,1
class_1_circle_136.png,1
class_10_circle_25.png,10
class_6_circle_149.png,6
class_10_circle_134.png,10
class_2_circle_115.png,2
class_6_circle_67.png,6
class_1_circle_173.png,1
class_6_circle_57.png,6
class_9_circle_79.png,9
class_4_circle_151.png,4
class_9_circle_86.png,9
class_8_circle_133.png,8
class_3_circle_183.png,3
class_2_circle_158.png,2
class_5_circle_107.png,5
class_9_circle_78.png,9
class_3_circle_47.png,3
class_5_circle_47.png,5
class_2_circle_59.png,2
class_8_circle_81.png,8
class_4_circle_165.png,4
class_4_circle_157.png,4
class_10_circle_72.png,10
class_6_circle_128.png,6
class_5_circle_152.png,5
class_9_circle_90.png,9
class_4_circle_64.png,4
class_7_circle_182.png,7
class_1_circle_24.png,1
class_8_circle_78.png,8
class_5_circle_27.png,5
class_5_circle_124.png,5
class_4_circle_78.png,4
class_9_circle_158.png,9
class_2_circle_168.png,2
class_3_circle_148.png,3
class_8_circle_191.png,8
class_5_circle_88.png,5
class_3_circle_61.png,3
class_1_circle_42.png,1
class_6_circle_46.png,6
class_8_circle_119.png,8
class_5_circle_20.png,5
class_9_circle_170.png,9
class_3_circle_112.png,3
class_3_circle_108.png,3
class_5_circle_19.png,5
class_7_circle_72.png,7
class_1_circle_141.png,1
class_4_circle_137.png,4
class_4_circle_50.png,4
class_8_circle_192.png,8
class_3_circle_116.png,3
class_5_circle_84.png,5
class_10_circle_40.png,10
class_9_circle_173.png,9
class_1_circle_49.png,1
class_1_circle_105.png,1
class_1_circle_132.png,1
class_3_circle_131.png,3
class_2_circle_27.png,2
class_3_circle_55.png,3
class_7_circle_44.png,7
class_10_circle_22.png,10
class_1_circle_52.png,1
class_3_circle_19.png,3
class_4_circle_164.png,4
class_6_circle_150.png,6
class_7_circle_42.png,7
class_1_circle_90.png,1
class_9_circle_191.png,9
class_5_circle_65.png,5
class_1_circle_91.png,1
class_5_circle_2.png,5
class_7_circle_128.png,7
class_7_circle_137.png,7
class_5_circle_165.png,5
class_7_circle_187.png,7
class_6_circle_186.png,6
class_8_circle_158.png,8
class_2_circle_183.png,2
class_4_circle_59.png,4
class_4_circle_72.png,4
class_5_circle_166.png,5
class_4_circle_108.png,4
class_8_circle_155.png,8
class_7_circle_196.png,7
class_8_circle_106.png,8
class_7_circle_98.png,7
class_9_circle_66.png,9
class_9_circle_97.png,9
class_10_circle_42.png,10
class_4_circle_114.png,4
class_1_circle_125.png,1
class_9_circle_99.png,9
class_1_circle_172.png,1
class_1_circle_82.png,1
class_3_circle_64.png,3
class_9_circle_143.png,9
class_2_circle_178.png,2
class_4_circle_33.png,4
class_9_circle_72.png,9
class_8_circle_110.png,8
class_1_circle_51.png,1
class_2_circle_193.png,2
class_9_circle_185.png,9
class_9_circle_192.png,9
class_4_circle_167.png,4
class_1_circle_44.png,1
class_5_circle_196.png,5
class_2_circle_41.png,2
class_8_circle_152.png,8
class_1_circle_161.png,1
class_2_circle_47.png,2
class_3_circle_135.png,3
class_1_circle_194.png,1
class_3_circle_95.png,3
class_8_circle_193.png,8
class_9_circle_112.png,9
class_5_circle_128.png,5
class_6_circle_3.png,6
class_5_circle_167.png,5
class_2_circle_153.png,2
class_4_circle_125.png,4
class_10_circle_75.png,10
class_5_circle_68.png,5
class_7_circle_30.png,7
class_3_circle_27.png,3
class_10_circle_177.png,10
class_4_circle_90.png,4
class_1_circle_37.png,1
class_3_circle_76.png,3
class_3_circle_37.png,3
class_9_circle_129.png,9
class_9_circle_84.png,9
class_5_circle_126.png,5
class_10_circle_158.png,10
class_9_circle_1.png,9
class_5_circle_130.png,5
class_6_circle_131.png,6
class_8_circle_95.png,8
class_8_circle_18.png,8
class_6_circle_54.png,6
class_6_circle_66.png,6
class_9_circle_127.png,9
class_5_circle_138.png,5
class_3_circle_94.png,3
class_8_circle_117.png,8
class_8_circle_20.png,8
class_3_circle_195.png,3
class_10_circle_194.png,10
class_10_circle_191.png,10
class_3_circle_96.png,3
class_6_circle_185.png,6
class_3_circle_89.png,3
class_1_circle_167.png,1
class_2_circle_82.png,2
class_1_circle_109.png,1
class_9_circle_194.png,9
class_5_circle_172.png,5
class_6_circle_182.png,6
class_6_circle_59.png,6
class_4_circle_170.png,4
class_7_circle_28.png,7
class_5_circle_143.png,5
class_6_circle_116.png,6
class_9_circle_121.png,9
class_10_circle_164.png,10
class_1_circle_114.png,1
class_5_circle_131.png,5
class_10_circle_198.png,10
class_2_circle_105.png,2
class_4_circle_3.png,4
class_3_circle_48.png,3
class_3_circle_46.png,3
class_7_circle_193.png,7
class_9_circle_46.png,9
class_3_circle_20.png,3
class_7_circle_159.png,7
class_4_circle_166.png,4
class_4_circle_123.png,4
class_1_circle_69.png,1
class_10_circle_179.png,10
class_7_circle_110.png,7
class_2_circle_64.png,2
class_4_circle_162.png,4
class_10_circle_43.png,10
class_3_circle_4.png,3
class_1_circle_133.png,1
class_4_circle_79.png,4
class_10_circle_111.png,10
class_10_circle_190.png,10
class_5_circle_61.png,5
class_7_circle_125.png,7
class_7_circle_53.png,7
class_6_circle_142.png,6
class_3_circle_83.png,3
class_7_circle_91.png,7
class_3_circle_128.png,3
class_1_circle_124.png,1
class_9_circle_200.png,9
class_10_circle_6.png,10
class_9_circle_163.png,9
class_7_circle_158.png,7
class_10_circle_20.png,10
class_10_circle_38.png,10
class_1_circle_14.png,1
class_2_circle_181.png,2
class_7_circle_189.png,7
class_6_circle_119.png,6
class_1_circle_135.png,1
class_7_circle_83.png,7
class_5_circle_91.png,5
class_9_circle_199.png,9
class_9_circle_70.png,9
class_8_circle_85.png,8
class_9_circle_187.png,9
class_3_circle_49.png,3
class_6_circle_61.png,6
class_6_circle_95.png,6
class_5_circle_81.png,5
class_5_circle_99.png,5
class_5_circle_140.png,5
class_3_circle_40.png,3
class_5_circle_133.png,5
class_8_circle_160.png,8
class_1_circle_93.png,1
class_2_circle_101.png,2
class_4_circle_155.png,4
class_1_circle_48.png,1
class_6_circle_147.png,6
class_3_circle_7.png,3
class_10_circle_14.png,10
class_10_circle_86.png,10
class_2_circle_10.png,2
class_6_circle_199.png,6
class_1_circle_94.png,1
class_6_circle_141.png,6
class_9_circle_33.png,9
class_2_circle_86.png,2
class_6_circle_49.png,6
class_6_circle_190.png,6
class_4_circle_25.png,4
class_8_circle_3.png,8
class_9_circle_148.png,9
class_2_circle_72.png,2
class_8_circle_96.png,8
class_9_circle_159.png,9
class_6_circle_132.png,6
class_2_circle_96.png,2
class_3_circle_184.png,3
class_8_circle_61.png,8
class_2_circle_63.png,2
class_2_circle_169.png,2
class_9_circle_141.png,9
class_4_circle_45.png,4
class_1_circle_38.png,1
class_3_circle_147.png,3
class_2_circle_152.png,2
class_6_circle_26.png,6
class_8_circle_148.png,8
class_2_circle_157.png,2
class_9_circle_96.png,9
class_1_circle_11.png,1
class_1_circle_111.png,1
class_10_circle_9.png,10
class_2_circle_125.png,2
class_8_circle_163.png,8
class_6_circle_175.png,6
class_1_circle_83.png,1
class_9_circle_110.png,9
class_9_circle_25.png,9
class_1_circle_66.png,1
class_6_circle_104.png,6
class_10_circle_28.png,10
class_8_circle_123.png,8
class_3_circle_157.png,3
class_9_circle_176.png,9
class_6_circle_135.png,6
class_7_circle_81.png,7
class_4_circle_140.png,4
class_9_circle_140.png,9
class_7_circle_35.png,7
class_2_circle_154.png,2
class_2_circle_42.png,2
class_7_circle_163.png,7
class_2_circle_151.png,2
class_9_circle_198.png,9
class_10_circle_19.png,10
class_8_circle_91.png,8
class_9_circle_23.png,9
class_9_circle_13.png,9
class_5_circle_114.png,5
class_1_circle_128.png,1
class_4_circle_66.png,4
class_8_circle_99.png,8
class_4_circle_63.png,4
class_7_circle_194.png,7
class_2_circle_61.png,2
class_8_circle_10.png,8
class_7_circle_135.png,7
class_9_circle_59.png,9
class_7_circle_142.png,7
class_4_circle_6.png,4
class_3_circle_140.png,3
class_3_circle_138.png,3
class_7_circle_126.png,7
class_1_circle_62.png,1
class_3_circle_17.png,3
class_5_circle_10.png,5
class_2_circle_25.png,2
class_8_circle_76.png,8
class_6_circle_82.png,6
class_6_circle_12.png,6
class_2_circle_43.png,2
class_9_circle_177.png,9
class_10_circle_66.png,10
class_9_circle_29.png,9
class_4_circle_161.png,4
class_1_circle_195.png,1
class_3_circle_84.png,3
class_6_circle_47.png,6
class_2_circle_137.png,2
class_2_circle_58.png,2
class_10_circle_151.png,10
class_10_circle_182.png,10
class_3_circle_150.png,3
class_4_circle_192.png,4
class_7_circle_4.png,7
class_6_circle_170.png,6
class_4_circle_195.png,4
class_7_circle_127.png,7
class_9_circle_58.png,9
class_10_circle_171.png,10
class_2_circle_156.png,2
class_3_circle_42.png,3
class_1_circle_18.png,1
class_8_circle_125.png,8
class_8_circle_169.png,8
class_5_circle_49.png,5
class_10_circle_147.png,10
class_6_circle_168.png,6
class_4_circle_22.png,4
class_4_circle_196.png,4
class_3_circle_163.png,3
class_4_circle_2.png,4
class_1_circle_58.png,1
class_5_circle_80.png,5
class_2_circle_69.png,2
class_5_circle_168.png,5
class_2_circle_8.png,2
class_3_circle_122.png,3
class_2_circle_57.png,2
class_8_circle_17.png,8
class_7_circle_70.png,7
class_9_circle_183.png,9
class_4_circle_77.png,4
class_9_circle_6.png,9
class_10_circle_128.png,10
class_8_circle_173.png,8
class_1_circle_32.png,1
class_3_circle_182.png,3
class_5_circle_8.png,5
class_8_circle_28.png,8
class_2_circle_14.png,2
class_4_circle_4.png,4
class_9_circle_189.png,9
class_10_circle_93.png,10
class_4_circle_40.png,4
class_3_circle_149.png,3
class_5_circle_182.png,5
class_6_circle_138.png,6
class_9_circle_73.png,9
class_7_circle_114.png,7
class_8_circle_135.png,8
class_10_circle_61.png,10
class_2_circle_127.png,2
class_6_circle_6.png,6
class_8_circle_183.png,8
class_6_circle_9.png,6
class_2_circle_44.png,2
class_1_circle_23.png,1
class_8_circle_112.png,8
class_3_circle_171.png,3
class_8_circle_147.png,8
class_3_circle_133.png,3
class_1_circle_153.png,1
class_5_circle_35.png,5
class_9_circle_174.png,9
class_5_circle_162.png,5
class_5_circle_115.png,5
class_2_circle_188.png,2
class_2_circle_100.png,2
class_9_circle_20.png,9
class_2_circle_179.png,2
class_9_circle_168.png,9
class_2_circle_197.png,2
class_5_circle_102.png,5
class_3_circle_174.png,3
class_9_circle_146.png,9
class_4_circle_13.png,4
class_7_circle_11.png,7
class_1_circle_175.png,1
class_4_circle_65.png,4
class_3_circle_81.png,3
class_4_circle_7.png,4
class_3_circle_33.png,3
class_1_circle_165.png,1
class_2_circle_39.png,2
class_1_circle_8.png,1
class_1_circle_108.png,1
class_6_circle_78.png,6
class_6_circle_45.png,6
class_1_circle_176.png,1
class_3_circle_44.png,3
class_2_circle_198.png,2
class_5_circle_26.png,5
class_9_circle_137.png,9
class_3_circle_104.png,3
class_8_circle_22.png,8
class_3_circle_13.png,3
class_1_circle_158.png,1
class_9_circle_34.png,9
class_9_circle_8.png,9
class_8_circle_52.png,8
class_1_circle_150.png,1
class_8_circle_195.png,8
class_6_circle_24.png,6
class_5_circle_134.png,5
class_8_circle_75.png,8
class_10_circle_156.png,10
class_2_circle_135.png,2
class_1_circle_106.png,1
class_2_circle_76.png,2
class_5_circle_36.png,5
class_5_circle_18.png,5
class_5_circle_72.png,5
class_3_circle_30.png,3
class_10_circle_114.png,10
class_9_circle_180.png,9
class_9_circle_114.png,9
class_10_circle_50.png,10
class_2_circle_192.png,2
class_10_circle_165.png,10
class_4_circle_185.png,4
class_3_circle_152.png,3
class_6_circle_63.png,6
class_8_circle_157.png,8
class_3_circle_114.png,3
class_10_circle_145.png,10
class_1_circle_10.png,1
class_1_circle_70.png,1
class_5_circle_58.png,5
class_3_circle_60.png,3
class_2_circle_114.png,2
class_8_circle_58.png,8
class_1_circle_53.png,1
class_10_circle_68.png,10
class_6_circle_17.png,6
class_3_circle_29.png,3
class_8_circle_168.png,8
class_9_circle_102.png,9
class_1_circle_47.png,1
class_9_circle_4.png,9
class_9_circle_85.png,9
class_8_circle_188.png,8
class_8_circle_156.png,8
class_2_circle_74.png,2
class_3_circle_126.png,3
class_9_circle_100.png,9
class_7_circle_63.png,7
class_9_circle_135.png,9
class_9_circle_133.png,9
class_7_circle_37.png,7
class_3_circle_118.png,3
class_3_circle_185.png,3
class_10_circle_85.png,10
class_7_circle_162.png,7
class_4_circle_118.png,4
class_4_circle_100.png,4
class_3_circle_93.png,3
class_5_circle_53.png,5
class_5_circle_149.png,5
class_1_circle_188.png,1
class_5_circle_14.png,5
class_1_circle_40.png,1
class_6_circle_87.png,6
class_9_circle_57.png,9
class_3_circle_187.png,3
class_6_circle_80.png,6
class_7_circle_52.png,7
class_1_circle_197.png,1
class_5_circle_179.png,5
class_1_circle_119.png,1
class_5_circle_176.png,5
class_6_circle_81.png,6
class_8_circle_132.png,8
class_10_circle_157.png,10
class_1_circle_64.png,1
class_3_circle_144.png,3
class_9_circle_128.png,9
class_5_circle_103.png,5
class_8_circle_177.png,8
class_9_circle_83.png,9
class_8_circle_143.png,8
class_9_circle_17.png,9
class_2_circle_36.png,2
class_6_circle_92.png,6
class_1_circle_50.png,1
class_7_circle_17.png,7
class_3_circle_180.png,3
class_3_circle_121.png,3
class_10_circle_185.png,10
class_1_circle_13.png,1
class_5_circle_92.png,5
class_1_circle_126.png,1
class_3_circle_161.png,3
class_3_circle_82.png,3
class_5_circle_197.png,5
class_10_circle_101.png,10
class_5_circle_31.png,5
class_2_circle_32.png,2
class_5_circle_7.png,5
class_7_circle_27.png,7
class_4_circle_101.png,4
class_7_circle_50.png,7
class_6_circle_97.png,6
class_10_circle_90.png,10
class_2_circle_91.png,2
class_6_circle_32.png,6
class_8_circle_141.png,8
class_9_circle_153.png,9
class_8_circle_33.png,8
class_8_circle_5.png,8
class_4_circle_19.png,4
class_10_circle_163.png,10
class_4_circle_84.png,4
class_4_circle_23.png,4
class_2_circle_16.png,2
class_4_circle_198.png,4
class_7_circle_177.png,7
class_4_circle_14.png,4
class_1_circle_149.png,1
class_4_circle_15.png,4
class_10_circle_127.png,10
class_2_circle_75.png,2
class_7_circle_176.png,7
class_9_circle_161.png,9
class_7_circle_10.png,7
class_2_circle_177.png,2
class_2_circle_62.png,2
class_10_circle_141.png,10
class_8_circle_2.png,8
class_2_circle_87.png,2
class_10_circle_166.png,10
class_7_circle_164.png,7
class_6_circle_143.png,6
class_10_circle_138.png,10
class_7_circle_21.png,7
class_2_circle_173.png,2
class_2_circle_12.png,2
class_3_circle_91.png,3
class_1_circle_6.png,1
class_7_circle_149.png,7
class_6_circle_90.png,6
class_3_circle_100.png,3
class_3_circle_177.png,3
class_8_circle_98.png,8
class_3_circle_11.png,3
class_1_circle_169.png,1
class_1_circle_110.png,1
class_6_circle_198.png,6
class_4_circle_160.png,4
class_7_circle_18.png,7
class_8_circle_121.png,8
class_4_circle_111.png,4
class_1_circle_85.png,1
class_6_circle_10.png,6
class_9_circle_95.png,9
class_8_circle_39.png,8
class_1_circle_182.png,1
class_6_circle_98.png,6
class_4_circle_58.png,4
class_8_circle_174.png,8
class_5_circle_160.png,5
class_5_circle_127.png,5
class_10_circle_181.png,10
class_9_circle_32.png,9
class_2_circle_174.png,2
class_3_circle_153.png,3
class_6_circle_99.png,6
class_2_circle_196.png,2
class_3_circle_124.png,3
class_1_circle_15.png,1
class_2_circle_184.png,2
class_7_circle_148.png,7
class_1_circle_189.png,1
class_10_circle_193.png,10
class_6_circle_28.png,6
class_4_circle_56.png,4
class_3_circle_36.png,3
class_2_circle_65.png,2
class_3_circle_105.png,3
class_6_circle_196.png,6
class_4_circle_70.png,4
class_9_circle_119.png,9
class_10_circle_122.png,10
class_7_circle_174.png,7
class_9_circle_16.png,9
class_9_circle_82.png,9
class_10_circle_129.png,10
class_8_circle_60.png,8
class_8_circle_113.png,8
class_2_circle_95.png,2
class_8_circle_129.png,8
class_9_circle_38.png,9
class_4_circle_159.png,4
class_2_circle_73.png,2
class_6_circle_105.png,6
class_8_circle_89.png,8
class_5_circle_158.png,5
class_7_circle_144.png,7
class_1_circle_2.png,1
class_9_circle_22.png,9
class_8_circle_94.png,8
class_1_circle_26.png,1
class_10_circle_113.png,10
class_4_circle_12.png,4
class_5_circle_105.png,5
class_3_circle_103.png,3
class_10_circle_34.png,10
class_2_circle_15.png,2
class_9_circle_98.png,9
class_8_circle_27.png,8
class_7_circle_132.png,7
class_3_circle_168.png,3
class_8_circle_73.png,8
class_10_circle_176.png,10
class_3_circle_26.png,3
class_7_circle_77.png,7
class_1_circle_67.png,1
class_9_circle_18.png,9
class_7_circle_139.png,7
class_8_circle_80.png,8
class_9_circle_107.png,9
class_1_circle_168.png,1
class_8_circle_40.png,8
class_9_circle_160.png,9
class_10_circle_3.png,10
class_1_circle_193.png,1
class_8_circle_34.png,8
class_9_circle_171.png,9
class_7_circle_22.png,7
class_1_circle_185.png,1
class_10_circle_51.png,10
class_6_circle_193.png,6
class_3_circle_2.png,3
class_4_circle_110.png,4
class_3_circle_87.png,3
class_2_circle_107.png,2
class_9_circle_2.png,9
class_6_circle_127.png,6
class_9_circle_80.png,9
class_1_circle_156.png,1
class_2_circle_90.png,2
class_5_circle_28.png,5
class_9_circle_116.png,9
class_6_circle_38.png,6
class_9_circle_28.png,9
class_7_circle_68.png,7
class_7_circle_38.png,7
class_8_circle_7.png,8
class_1_circle_86.png,1
class_9_circle_87.png,9
class_5_circle_144.png,5
class_7_circle_116.png,7
class_2_circle_129.png,2
class_9_circle_136.png,9
class_2_circle_160.png,2
class_2_circle_132.png,2
class_9_circle_14.png,9
class_8_circle_59.png,8
class_9_circle_94.png,9
class_3_circle_32.png,3
class_1_circle_177.png,1
class_2_circle_78.png,2
class_9_circle_39.png,9
class_9_circle_193.png,9
class_8_circle_154.png,8
class_9_circle_111.png,9
class_4_circle_150.png,4
class_10_circle_135.png,10
class_6_circle_15.png,6
class_10_circle_189.png,10
class_6_circle_118.png,6
class_3_circle_53.png,3
class_10_circle_130.png,10
class_9_circle_27.png,9
class_10_circle_10.png,10
class_8_circle_13.png,8
class_7_circle_88.png,7
class_9_circle_109.png,9
class_6_circle_27.png,6
class_5_circle_15.png,5
class_1_circle_22.png,1
class_8_circle_100.png,8
class_10_circle_24.png,10
class_5_circle_32.png,5
class_9_circle_60.png,9
class_4_circle_124.png,4
class_9_circle_54.png,9
class_2_circle_134.png,2
class_2_circle_128.png,2
class_5_circle_97.png,5
class_5_circle_25.png,5
class_2_circle_85.png,2
class_8_circle_198.png,8
class_6_circle_179.png,6
class_3_circle_72.png,3
class_2_circle_89.png,2
class_8_circle_69.png,8
class_7_circle_184.png,7
class_5_circle_163.png,5
class_10_circle_167.png,10
class_1_circle_160.png,1
class_6_circle_86.png,6
class_10_circle_73.png,10
class_1_circle_59.png,1
class_5_circle_75.png,5
class_3_circle_56.png,3
class_8_circle_103.png,8
class_7_circle_106.png,7
class_3_circle_8.png,3
class_9_circle_64.png,9
class_1_circle_74.png,1
class_5_circle_73.png,5
class_6_circle_52.png,6
class_1_circle_122.png,1
class_6_circle_30.png,6
class_5_circle_193.png,5
class_1_circle_77.png,1
class_3_circle_158.png,3
class_10_circle_82.png,10
class_1_circle_71.png,1
class_7_circle_192.png,7
class_3_circle_57.png,3
class_2_circle_23.png,2
class_9_circle_11.png,9
class_6_circle_39.png,6
class_9_circle_165.png,9
class_3_circle_54.png,3
class_3_circle_117.png,3
class_8_circle_92.png,8
class_8_circle_65.png,8
class_2_circle_20.png,2
class_3_circle_170.png,3
class_5_circle_37.png,5
class_1_circle_142.png,1
class_4_circle_122.png,4
class_4_circle_80.png,4
class_3_circle_188.png,3
class_9_circle_186.png,9
class_7_circle_32.png,7
class_6_circle_23.png,6
class_8_circle_190.png,8
class_7_circle_20.png,7
class_5_circle_41.png,5
class_7_circle_195.png,7
class_1_circle_27.png,1
class_5_circle_42.png,5
class_1_circle_92.png,1
class_7_circle_24.png,7
class_7_circle_49.png,7
class_10_circle_162.png,10
class_8_circle_161.png,8
class_10_circle_133.png,10
class_5_circle_195.png,5
class_10_circle_143.png,10
class_3_circle_69.png,3
class_3_circle_18.png,3
class_8_circle_184.png,8
class_4_circle_147.png,4
class_1_circle_184.png,1
class_4_circle_54.png,4
class_2_circle_30.png,2
class_6_circle_71.png,6
class_3_circle_9.png,3
class_8_circle_86.png,8
class_9_circle_3.png,9
class_10_circle_107.png,10
class_5_circle_93.png,5
class_3_circle_98.png,3
class_6_circle_84.png,6
class_5_circle_183.png,5
class_3_circle_51.png,3
class_10_circle_123.png,10
class_6_circle_134.png,6
class_8_circle_48.png,8
class_7_circle_96.png,7
class_4_circle_21.png,4
class_1_circle_72.png,1
class_10_circle_63.png,10
class_9_circle_151.png,9
class_8_circle_43.png,8
class_8_circle_101.png,8
class_7_circle_179.png,7
class_2_circle_146.png,2
class_7_circle_40.png,7
class_1_circle_16.png,1
class_8_circle_57.png,8
class_4_circle_51.png,4
class_9_circle_190.png,9
class_7_circle_147.png,7
class_10_circle_94.png,10
class_3_circle_34.png,3
class_7_circle_19.png,7
class_10_circle_30.png,10
class_3_circle_143.png,3
class_5_circle_169.png,5
class_4_circle_73.png,4
class_5_circle_71.png,5
class_9_circle_166.png,9
class_7_circle_23.png,7
class_2_circle_122.png,2
class_9_circle_144.png,9
class_5_circle_33.png,5
class_6_circle_195.png,6
class_7_circle_7.png,7
class_10_circle_183.png,10
class_3_circle_41.png,3
class_1_circle_35.png,1
class_7_circle_136.png,7
class_2_circle_164.png,2
class_1_circle_96.png,1
class_10_circle_159.png,10
class_1_circle_81.png,1
class_6_circle_112.png,6
class_9_circle_156.png,9
class_8_circle_64.png,8
class_8_circle_162.png,8
class_9_circle_115.png,9
class_3_circle_178.png,3
class_7_circle_87.png,7
class_3_circle_106.png,3
class_10_circle_49.png,10
class_5_circle_83.png,5
class_1_circle_164.png,1
class_6_circle_35.png,6
class_2_circle_28.png,2
class_4_circle_200.png,4
class_7_circle_95.png,7
class_6_circle_144.png,6
class_8_circle_167.png,8
class_6_circle_103.png,6
class_3_circle_68.png,3
class_3_circle_92.png,3
class_3_circle_113.png,3
class_9_circle_164.png,9
class_1_circle_137.png,1
class_10_circle_106.png,10
class_10_circle_168.png,10
class_6_circle_29.png,6
class_6_circle_102.png,6
class_5_circle_161.png,5
class_10_circle_175.png,10
class_8_circle_11.png,8
class_7_circle_167.png,7
class_4_circle_20.png,4
class_5_circle_101.png,5
class_4_circle_28.png,4
class_7_circle_156.png,7
class_4_circle_85.png,4
class_5_circle_86.png,5
class_9_circle_50.png,9
class_7_circle_60.png,7
class_9_circle_172.png,9
class_7_circle_118.png,7
class_7_circle_175.png,7
class_4_circle_135.png,4
class_1_circle_112.png,1
class_4_circle_176.png,4
class_2_circle_149.png,2
class_10_circle_146.png,10
class_3_circle_111.png,3
class_8_circle_200.png,8
class_5_circle_113.png,5
class_4_circle_103.png,4
class_7_circle_69.png,7
class_9_circle_35.png,9
class_4_circle_120.png,4
class_3_circle_151.png,3
class_6_circle_191.png,6
class_8_circle_55.png,8
class_10_circle_117.png,10
class_2_circle_71.png,2
class_8_circle_29.png,8
class_4_circle_139.png,4
class_7_circle_140.png,7
class_2_circle_55.png,2
class_9_circle_130.png,9
class_3_circle_132.png,3
class_9_circle_150.png,9
class_5_circle_118.png,5
class_3_circle_115.png,3
class_5_circle_112.png,5
class_4_circle_26.png,4
class_3_circle_164.png,3
class_2_circle_29.png,2
class_1_circle_61.png,1
class_5_circle_45.png,5
class_8_circle_131.png,8
class_8_circle_149.png,8
class_7_circle_54.png,7
class_7_circle_29.png,7
class_8_circle_54.png,8
class_6_circle_42.png,6
class_7_circle_161.png,7
class_9_circle_126.png,9
class_9_circle_139.png,9
class_6_circle_2.png,6
class_9_circle_154.png,9
class_9_circle_104.png,9
class_4_circle_138.png,4
class_2_circle_172.png,2
class_1_circle_57.png,1
class_2_circle_111.png,2
class_1_circle_163.png,1
class_7_circle_197.png,7
class_9_circle_120.png,9
class_10_circle_108.png,10
class_2_circle_191.png,2
class_8_circle_182.png,8
class_1_circle_17.png,1
class_2_circle_92.png,2
class_4_circle_68.png,4
class_2_circle_51.png,2
class_8_circle_176.png,8
class_7_circle_36.png,7
class_7_circle_90.png,7
class_5_circle_192.png,5
class_9_circle_147.png,9
class_5_circle_177.png,5
class_2_circle_19.png,2
class_4_circle_144.png,4
class_1_circle_36.png,1
class_9_circle_42.png,9
class_5_circle_38.png,5
class_1_circle_43.png,1
class_6_circle_50.png,6
class_4_circle_107.png,4
class_8_circle_14.png,8
class_3_circle_194.png,3
class_8_circle_178.png,8
class_1_circle_25.png,1
class_7_circle_14.png,7
class_4_circle_60.png,4
class_2_circle_21.png,2
class_7_circle_155.png,7
class_6_circle_153.png,6
class_6_circle_37.png,6
class_2_circle_79.png,2
class_1_circle_21.png,1
class_2_circle_200.png,2
class_4_circle_181.png,4
class_9_circle_15.png,9
class_3_circle_200.png,3
class_4_circle_189.png,4
class_7_circle_89.png,7
class_1_circle_63.png,1
class_8_circle_116.png,8
class_1_circle_118.png,1
class_1_circle_127.png,1
class_9_circle_152.png,9
class_6_circle_140.png,6
class_1_circle_146.png,1
class_8_circle_15.png,8
class_3_circle_130.png,3
class_7_circle_39.png,7
class_6_circle_53.png,6
class_4_circle_61.png,4
class_2_circle_53.png,2
class_1_circle_130.png,1
class_4_circle_53.png,4
class_2_circle_171.png,2
class_4_circle_5.png,4
class_6_circle_34.png,6
class_7_circle_151.png,7
class_1_circle_9.png,1
class_3_circle_107.png,3
class_6_circle_172.png,6
class_5_circle_180.png,5
class_8_circle_128.png,8
class_1_circle_200.png,1
class_10_circle_192.png,10
class_6_circle_114.png,6
class_5_circle_151.png,5
class_7_circle_65.png,7
class_3_circle_190.png,3
class_9_circle_175.png,9
class_4_circle_129.png,4
class_10_circle_36.png,10
class_6_circle_154.png,6
class_1_circle_97.png,1
class_9_circle_43.png,9
class_5_circle_147.png,5
class_8_circle_144.png,8
class_7_circle_34.png,7
class_3_circle_25.png,3
class_4_circle_36.png,4
class_6_circle_56.png,6
class_5_circle_12.png,5
class_4_circle_175.png,4
class_2_circle_70.png,2
class_4_circle_186.png,4
class_8_circle_159.png,8
class_1_circle_152.png,1
class_6_circle_58.png,6
class_7_circle_185.png,7
class_2_circle_138.png,2
class_5_circle_57.png,5
class_5_circle_120.png,5
class_2_circle_77.png,2
class_7_circle_97.png,7
class_6_circle_4.png,6
class_7_circle_200.png,7
class_3_circle_110.png,3
class_6_circle_171.png,6
class_6_circle_146.png,6
class_7_circle_66.png,7
class_4_circle_119.png,4
class_9_circle_157.png,9
class_10_circle_102.png,10
class_2_circle_66.png,2
class_10_circle_13.png,10
class_3_circle_127.png,3
class_1_circle_73.png,1
class_9_circle_134.png,9
class_4_circle_121.png,4
class_9_circle_101.png,9
class_8_circle_25.png,8
class_6_circle_184.png,6
class_10_circle_26.png,10
class_7_circle_188.png,7
class_3_circle_52.png,3
class_9_circle_71.png,9
class_5_circle_69.png,5
class_7_circle_78.png,7
class_6_circle_21.png,6
class_9_circle_117.png,9
class_7_circle_154.png,7
class_6_circle_160.png,6
class_4_circle_93.png,4
class_7_circle_62.png,7
class_10_circle_124.png,10
class_1_circle_191.png,1
class_6_circle_113.png,6
class_3_circle_197.png,3
class_7_circle_67.png,7
class_1_circle_178.png,1
class_2_circle_194.png,2
class_5_circle_98.png,5
class_2_circle_18.png,2
class_8_circle_77.png,8
class_9_circle_89.png,9
class_5_circle_6.png,5
class_6_circle_96.png,6
class_10_circle_52.png,10
class_1_circle_145.png,1
class_3_circle_160.png,3
class_3_circle_24.png,3
class_8_circle_21.png,8
class_2_circle_99.png,2
class_1_circle_131.png,1
class_4_circle_1.png,4
class_7_circle_173.png,7
class_6_circle_14.png,6
class_2_circle_22.png,2
class_10_circle_8.png,10
class_4_circle_171.png,4
class_6_circle_7.png,6
class_10_circle_153.png,10
class_7_circle_130.png,7
class_3_circle_73.png,3
class_9_circle_31.png,9
class_7_circle_75.png,7
class_7_circle_1.png,7
class_9_circle_26.png,9
class_2_circle_109.png,2
class_3_circle_35.png,3
class_6_circle_165.png,6
class_4_circle_145.png,4
class_10_circle_65.png,10
class_1_circle_129.png,1
class_7_circle_119.png,7
class_10_circle_69.png,10
class_8_circle_47.png,8
class_2_circle_118.png,2
class_6_circle_73.png,6
class_1_circle_113.png,1
class_4_circle_62.png,4
class_6_circle_48.png,6
class_8_circle_84.png,8
class_4_circle_130.png,4
class_8_circle_138.png,8
class_9_circle_118.png,9
class_4_circle_197.png,4
class_5_circle_21.png,5
class_4_circle_55.png,4
class_4_circle_47.png,4
class_4_circle_95.png,4
class_10_circle_27.png,10
class_3_circle_186.png,3
class_6_circle_55.png,6
class_6_circle_157.png,6
class_7_circle_103.png,7
class_5_circle_109.png,5
class_1_circle_100.png,1
class_7_circle_124.png,7
class_5_circle_13.png,5
class_7_circle_111.png,7
class_4_circle_131.png,4
class_10_circle_148.png,10
class_10_circle_5.png,10
class_4_circle_46.png,4
class_4_circle_42.png,4
class_7_circle_93.png,7
class_5_circle_129.png,5
class_9_circle_113.png,9
class_7_circle_71.png,7
class_1_circle_41.png,1
class_8_circle_66.png,8
class_5_circle_164.png,5
class_2_circle_119.png,2
class_9_circle_108.png,9
class_7_circle_109.png,7
class_5_circle_52.png,5
class_4_circle_27.png,4
class_10_circle_149.png,10
class_1_circle_162.png,1
class_6_circle_88.png,6
class_10_circle_62.png,10
class_2_circle_117.png,2
class_1_circle_198.png,1
class_8_circle_130.png,8
class_9_circle_12.png,9
class_7_circle_57.png,7
class_8_circle_172.png,8
class_2_circle_199.png,2
class_7_circle_112.png,7
class_6_circle_151.png,6
class_5_circle_187.png,5
class_1_circle_87.png,1
class_10_circle_35.png,10
class_1_circle_181.png,1
class_4_circle_173.png,4
class_4_circle_143.png,4
class_9_circle_37.png,9
class_10_circle_12.png,10
class_1_circle_138.png,1
class_9_circle_105.png,9
class_5_circle_188.png,5
class_10_circle_97.png,10
class_6_circle_158.png,6
class_1_circle_80.png,1
class_6_circle_11.png,6
class_7_circle_51.png,7
class_4_circle_89.png,4
class_1_circle_104.png,1
class_1_circle_155.png,1
class_8_circle_102.png,8
class_3_circle_137.png,3
class_9_circle_181.png,9
class_7_circle_115.png,7
class_8_circle_179.png,8
class_4_circle_142.png,4
class_2_circle_98.png,2
class_5_circle_46.png,5
class_4_circle_43.png,4
class_5_circle_87.png,5
class_9_circle_47.png,9
class_9_circle_65.png,9
class_2_circle_116.png,2
class_3_circle_3.png,3
class_6_circle_194.png,6
class_4_circle_94.png,4
class_6_circle_136.png,6
class_2_circle_102.png,2
class_1_circle_12.png,1
class_8_circle_104.png,8
class_6_circle_183.png,6
class_6_circle_117.png,6
class_8_circle_87.png,8
class_6_circle_107.png,6
class_5_circle_51.png,5
class_3_circle_79.png,3
class_9_circle_67.png,9
class_3_circle_88.png,3
class_1_circle_180.png,1
class_4_circle_9.png,4
class_8_circle_90.png,8
class_7_circle_41.png,7
class_10_circle_184.png,10
class_2_circle_185.png,2
class_10_circle_199.png,10
class_8_circle_49.png,8
class_8_circle_189.png,8
class_7_circle_172.png,7
class_4_circle_194.png,4
class_7_circle_171.png,7
class_6_circle_62.png,6
class_2_circle_130.png,2
class_3_circle_154.png,3
class_6_circle_76.png,6
class_5_circle_39.png,5
class_7_circle_121.png,7
class_4_circle_99.png,4
class_1_circle_115.png,1
class_5_circle_74.png,5
class_7_circle_26.png,7
class_5_circle_173.png,5
class_8_circle_50.png,8
class_4_circle_163.png,4
class_1_circle_140.png,1
class_10_circle_116.png,10
class_10_circle_169.png,10
class_4_circle_127.png,4
class_1_circle_46.png,1
class_6_circle_137.png,6
class_9_circle_103.png,9
class_4_circle_169.png,4
class_10_circle_2.png,10
class_8_circle_1.png,8
class_4_circle_57.png,4
class_6_circle_126.png,6
class_3_circle_136.png,3
class_1_circle_139.png,1
class_9_circle_44.png,9
class_4_circle_82.png,4
class_8_circle_67.png,8
class_3_circle_74.png,3
class_7_circle_9.png,7
class_7_circle_48.png,7
class_2_circle_93.png,2
class_2_circle_180.png,2
class_10_circle_56.png,10
class_8_circle_199.png,8
class_4_circle_184.png,4
class_4_circle_149.png,4
class_8_circle_187.png,8
class_10_circle_139.png,10
class_6_circle_70.png,6
class_3_circle_141.png,3
class_1_circle_29.png,1
class_2_circle_104.png,2
class_2_circle_133.png,2
class_6_circle_8.png,6
class_1_circle_174.png,1
class_6_circle_187.png,6
class_6_circle_125.png,6
class_7_circle_13.png,7
class_8_circle_26.png,8
class_5_circle_156.png,5
class_10_circle_132.png,10
class_4_circle_86.png,4
class_7_circle_131.png,7
class_4_circle_10.png,4
class_8_circle_122.png,8
class_9_circle_19.png,9
class_2_circle_141.png,2
class_7_circle_152.png,7
class_5_circle_154.png,5
class_9_circle_53.png,9
class_4_circle_71.png,4
class_2_circle_54.png,2
class_7_circle_191.png,7
class_7_circle_64.png,7
class_7_circle_16.png,7
class_2_circle_46.png,2
class_1_circle_88.png,1
class_7_circle_146.png,7
class_5_circle_29.png,5
class_6_circle_174.png,6
class_7_circle_169.png,7
class_10_circle_96.png,10
class_6_circle_18.png,6
class_8_circle_114.png,8
class_9_circle_7.png,9
class_10_circle_119.png,10
class_10_circle_74.png,10
class_7_circle_120.png,7
class_2_circle_31.png,2
class_10_circle_126.png,10
class_4_circle_11.png,4
class_5_circle_125.png,5
class_8_circle_70.png,8
class_4_circle_146.png,4
class_10_circle_29.png,10
class_9_circle_124.png,9
class_6_circle_129.png,6
class_8_circle_166.png,8
class_5_circle_9.png,5
class_10_circle_188.png,10
class_10_circle_37.png,10
class_10_circle_118.png,10
class_3_circle_12.png,3
class_9_circle_88.png,9
class_1_circle_179.png,1
class_9_circle_24.png,9
class_10_circle_174.png,10
class_6_circle_192.png,6
class_6_circle_163.png,6
class_8_circle_127.png,8
class_9_circle_123.png,9
class_7_circle_25.png,7
class_3_circle_1.png,3
class_10_circle_187.png,10
class_5_circle_146.png,5
class_3_circle_198.png,3
class_4_circle_116.png,4
class_5_circle_100.png,5
class_3_circle_97.png,3
class_7_circle_6.png,7
class_5_circle_22.png,5
class_5_circle_174.png,5
class_10_circle_98.png,10
class_4_circle_76.png,4
class_3_circle_85.png,3
class_9_circle_162.png,9
class_3_circle_15.png,3
class_1_circle_68.png,1
class_2_circle_113.png,2
class_8_circle_137.png,8
class_3_circle_14.png,3
class_4_circle_38.png,4
class_6_circle_41.png,6
class_8_circle_136.png,8
class_2_circle_124.png,2
class_4_circle_41.png,4
class_6_circle_20.png,6
class_3_circle_123.png,3
class_6_circle_121.png,6
class_10_circle_136.png,10
class_4_circle_104.png,4
class_4_circle_115.png,4
class_8_circle_63.png,8
class_5_circle_62.png,5
class_6_circle_122.png,6
class_3_circle_65.png,3
class_1_circle_45.png,1
class_2_circle_7.png,2
class_10_circle_4.png,10
class_5_circle_142.png,5
class_7_circle_143.png,7
class_4_circle_168.png,4
class_6_circle_123.png,6
class_8_circle_105.png,8
class_1_circle_20.png,1
class_1_circle_34.png,1
class_3_circle_145.png,3
class_10_circle_83.png,10
class_7_circle_79.png,7
class_3_circle_77.png,3
class_4_circle_174.png,4
class_2_circle_24.png,2
class_8_circle_180.png,8
class_5_circle_34.png,5
class_2_circle_9.png,2
class_10_circle_110.png,10
class_6_circle_1.png,6
class_6_circle_120.png,6
class_8_circle_6.png,8
class_2_circle_40.png,2
class_5_circle_106.png,5
class_3_circle_99.png,3
class_9_circle_76.png,9
class_10_circle_172.png,10
class_4_circle_193.png,4
class_2_circle_176.png,2
class_8_circle_42.png,8
class_2_circle_35.png,2
class_9_circle_74.png,9
class_9_circle_48.png,9
class_4_circle_179.png,4
class_3_circle_165.png,3
class_2_circle_112.png,2
class_3_circle_90.png,3
class_3_circle_129.png,3
class_7_circle_165.png,7
class_5_circle_116.png,5
class_2_circle_140.png,2
class_4_circle_24.png,4
class_4_circle_158.png,4
class_4_circle_74.png,4
class_6_circle_5.png,6
class_2_circle_150.png,2
class_5_circle_3.png,5
class_3_circle_169.png,3
class_7_circle_170.png,7
class_3_circle_67.png,3
class_1_circle_123.png,1
class_5_circle_54.png,5
class_5_circle_64.png,5
class_10_circle_197.png,10
class_5_circle_150.png,5
class_7_circle_166.png,7
class_6_circle_145.png,6
class_10_circle_140.png,10
class_8_circle_142.png,8
class_6_circle_164.png,6
class_6_circle_43.png,6
class_8_circle_181.png,8
class_1_circle_75.png,1
class_8_circle_124.png,8
class_5_circle_181.png,5
class_7_circle_101.png,7
class_8_circle_93.png,8
class_7_circle_80.png,7
class_1_circle_78.png,1
class_6_circle_173.png,6
class_1_circle_134.png,1
class_4_circle_154.png,4
class_9_circle_196.png,9
class_6_circle_189.png,6
class_7_circle_46.png,7
class_7_circle_43.png,7
class_9_circle_155.png,9
class_1_circle_143.png,1
class_10_circle_71.png,10
class_6_circle_51.png,6
class_9_circle_55.png,9
class_8_circle_171.png,8
class_2_circle_195.png,2
class_3_circle_38.png,3
class_3_circle_10.png,3
class_6_circle_22.png,6
class_6_circle_161.png,6
class_6_circle_94.png,6
class_1_circle_148.png,1
class_7_circle_33.png,7
class_5_circle_60.png,5
class_2_circle_37.png,2
class_2_circle_131.png,2
class_7_circle_117.png,7
class_10_circle_178.png,10
class_9_circle_122.png,9
class_3_circle_59.png,3
class_8_circle_194.png,8
class_10_circle_186.png,10
class_5_circle_82.png,5
class_2_circle_48.png,2
class_2_circle_81.png,2
class_1_circle_101.png,1
class_7_circle_2.png,7
class_9_circle_93.png,9
class_3_circle_71.png,3
class_2_circle_13.png,2
class_1_circle_103.png,1
class_6_circle_74.png,6
class_3_circle_167.png,3
class_9_circle_51.png,9
class_10_circle_95.png,10
class_6_circle_177.png,6
class_3_circle_181.png,3
class_9_circle_21.png,9
class_10_circle_121.png,10
class_2_circle_139.png,2
class_3_circle_156.png,3
class_10_circle_104.png,10
class_10_circle_81.png,10
class_4_circle_34.png,4
class_6_circle_133.png,6
class_3_circle_172.png,3
class_7_circle_180.png,7
class_7_circle_145.png,7
class_10_circle_46.png,10
class_4_circle_113.png,4
class_6_circle_25.png,6
class_8_circle_46.png,8
class_5_circle_5.png,5
class_1_circle_116.png,1
class_6_circle_65.png,6
class_9_circle_63.png,9
class_6_circle_33.png,6
class_8_circle_108.png,8
class_1_circle_5.png,1
class_5_circle_170.png,5
class_2_circle_189.png,2
class_1_circle_170.png,1
class_3_circle_39.png,3
class_7_circle_58.png,7
class_4_circle_69.png,4
class_5_circle_70.png,5
class_2_circle_5.png,2
class_3_circle_63.png,3
class_4_circle_8.png,4
class_7_circle_153.png,7
class_10_circle_44.png,10
class_9_circle_56.png,9
class_9_circle_49.png,9
class_5_circle_90.png,5
class_2_circle_186.png,2
class_8_circle_32.png,8
class_6_circle_197.png,6
class_1_circle_28.png,1
class_4_circle_96.png,4
class_9_circle_188.png,9
class_4_circle_128.png,4
class_10_circle_125.png,10
class_4_circle_112.png,4
class_2_circle_33.png,2
class_1_circle_102.png,1
class_6_circle_101.png,6
class_7_circle_105.png,7
class_8_circle_38.png,8
class_9_circle_132.png,9
class_8_circle_170.png,8
class_8_circle_82.png,8
class_2_circle_49.png,2
class_9_circle_184.png,9
class_10_circle_91.png,10
class_3_circle_66.png,3
class_5_circle_96.png,5
class_9_circle_138.png,9
class_2_circle_147.png,2
class_6_circle_44.png,6
class_10_circle_7.png,10
class_9_circle_75.png,9
class_9_circle_10.png,9
class_2_circle_162.png,2
class_8_circle_153.png,8
class_7_circle_113.png,7
class_1_circle_76.png,1
class_10_circle_161.png,10
class_7_circle_150.png,7
class_2_circle_60.png,2
class_5_circle_30.png,5
class_2_circle_170.png,2
class_2_circle_103.png,2
class_1_circle_31.png,1
class_6_circle_75.png,6
class_2_circle_67.png,2
class_9_circle_45.png,9
class_4_circle_32.png,4
class_3_circle_16.png,3
class_3_circle_109.png,3
class_2_circle_136.png,2
class_10_circle_170.png,10
class_10_circle_1.png,10
class_3_circle_196.png,3
class_2_circle_2.png,2
class_5_circle_139.png,5
class_2_circle_1.png,2
class_3_circle_102.png,3
class_7_circle_129.png,7
class_7_circle_73.png,7
class_5_circle_17.png,5
class_3_circle_6.png,3
class_5_circle_16.png,5
class_8_circle_24.png,8
class_9_circle_9.png,9
class_8_circle_19.png,8
class_7_circle_61.png,7
class_3_circle_125.png,3
class_10_circle_84.png,10
class_10_circle_200.png,10
class_7_circle_59.png,7
class_1_circle_159.png,1
class_6_circle_188.png,6
class_4_circle_178.png,4
class_5_circle_155.png,5
class_10_circle_152.png,10
class_10_circle_100.png,10
class_8_circle_51.png,8
class_2_circle_68.png,2
class_7_circle_94.png,7
class_5_circle_189.png,5
class_3_circle_75.png,3
class_10_circle_150.png,10
class_9_circle_52.png,9
class_6_circle_176.png,6
class_8_circle_79.png,8
class_5_circle_59.png,5
class_2_circle_110.png,2
class_8_circle_126.png,8
class_7_circle_100.png,7
class_3_circle_101.png,3
class_3_circle_58.png,3
class_5_circle_66.png,5
class_2_circle_106.png,2
class_9_circle_149.png,9
class_7_circle_31.png,7
class_7_circle_85.png,7
class_2_circle_155.png,2
class_9_circle_81.png,9
class_4_circle_199.png,4
class_9_circle_69.png,9
class_7_circle_198.png,7
class_9_circle_197.png,9
class_7_circle_107.png,7
class_2_circle_83.png,2
class_5_circle_11.png,5
class_7_circle_134.png,7
class_2_circle_11.png,2
class_8_circle_12.png,8
class_1_circle_54.png,1
class_4_circle_29.png,4
class_5_circle_110.png,5
class_2_circle_167.png,2
class_9_circle_125.png,9
class_1_circle_151.png,1
class_10_circle_160.png,10
class_1_circle_79.png,1
class_3_circle_23.png,3
class_10_circle_120.png,10
class_10_circle_15.png,10
class_10_circle_87.png,10
class_9_circle_145.png,9
class_2_circle_161.png,2
class_5_circle_50.png,5
class_6_circle_64.png,6
class_6_circle_166.png,6
class_3_circle_175.png,3
class_8_circle_151.png,8
class_6_circle_180.png,6
class_3_circle_43.png,3
class_3_circle_45.png,3
class_6_circle_110.png,6
class_2_circle_165.png,2
class_8_circle_146.png,8
class_4_circle_141.png,4
class_10_circle_16.png,10
class_7_circle_123.png,7
class_6_circle_181.png,6
class_5_circle_186.png,5
class_9_circle_77.png,9
class_4_circle_148.png,4
class_4_circle_91.png,4
class_1_circle_121.png,1
class_4_circle_180.png,4
class_5_circle_198.png,5
class_3_circle_70.png,3
class_3_circle_142.png,3
class_6_circle_69.png,6
class_9_circle_142.png,9
class_5_circle_175.png,5
class_7_circle_178.png,7
class_5_circle_4.png,5
class_3_circle_78.png,3
class_4_circle_188.png,4
class_3_circle_189.png,3
class_6_circle_83.png,6
class_9_circle_195.png,9
class_5_circle_55.png,5
class_8_circle_165.png,8
class_3_circle_176.png,3
class_9_circle_5.png,9
class_10_circle_80.png,10
class_8_circle_71.png,8
class_8_circle_115.png,8
class_3_circle_31.png,3
class_7_circle_122.png,7
class_1_circle_56.png,1
class_9_circle_169.png,9
class_5_circle_191.png,5
class_4_circle_67.png,4
class_5_circle_76.png,5
class_3_circle_193.png,3
class_2_circle_6.png,2
class_4_circle_182.png,4
class_7_circle_160.png,7
class_3_circle_134.png,3
class_8_circle_68.png,8
class_10_circle_60.png,10
class_6_circle_124.png,6
class_1_circle_65.png,1
class_10_circle_31.png,10
class_1_circle_196.png,1
class_7_circle_47.png,7
class_6_circle_60.png,6
class_5_circle_122.png,5
class_8_circle_197.png,8
class_6_circle_109.png,6
class_3_circle_22.png,3
class_8_circle_74.png,8
class_5_circle_67.png,5
class_7_circle_133.png,7
class_4_circle_16.png,4
class_7_circle_199.png,7
class_3_circle_28.png,3
class_4_circle_105.png,4
class_2_circle_120.png,2
class_4_circle_177.png,4
class_5_circle_190.png,5
class_10_circle_53.png,10
class_2_circle_163.png,2
class_6_circle_36.png,6
class_3_circle_199.png,3
class_7_circle_92.png,7
class_4_circle_52.png,4
class_8_circle_45.png,8
class_10_circle_88.png,10
class_2_circle_108.png,2
class_5_circle_78.png,5
class_1_circle_3.png,1
class_8_circle_186.png,8
class_6_circle_152.png,6
class_1_circle_166.png,1
class_4_circle_87.png,4
class_10_circle_103.png,10
class_5_circle_141.png,5
class_1_circle_107.png,1
class_8_circle_31.png,8
class_7_circle_8.png,7
class_5_circle_132.png,5
class_5_circle_153.png,5
class_5_circle_23.png,5
class_7_circle_99.png,7
class_10_circle_47.png,10
class_6_circle_167.png,6
class_8_circle_139.png,8
class_10_circle_17.png,10
class_2_circle_159.png,2
class_4_circle_126.png,4
class_10_circle_137.png,10
class_1_circle_99.png,1
class_1_circle_39.png,1
class_6_circle_111.png,6
class_6_circle_155.png,6
class_6_circle_91.png,6
class_10_circle_11.png,10
class_5_circle_94.png,5
class_7_circle_74.png,7
class_8_circle_4.png,8
class_4_circle_117.png,4
class_2_circle_144.png,2
class_2_circle_182.png,2
class_8_circle_62.png,8
class_2_circle_56.png,2
class_5_circle_108.png,5
class_5_circle_48.png,5
class_1_circle_154.png,1
class_2_circle_175.png,2
class_7_circle_138.png,7
class_2_circle_190.png,2
class_10_circle_21.png,10
class_10_circle_109.png,10
class_4_circle_92.png,4
class_4_circle_18.png,4
class_9_circle_91.png,9
class_3_circle_119.png,3
class_9_circle_68.png,9
class_7_circle_168.png,7
class_4_circle_172.png,4
class_2_circle_4.png,2
class_4_circle_49.png,4
class_8_circle_23.png,8
class_2_circle_143.png,2
class_2_circle_97.png,2
class_10_circle_195.png,10
class_9_circle_30.png,9
class_3_circle_50.png,3
class_6_circle_93.png,6
class_10_circle_67.png,10
class_3_circle_179.png,3
class_5_circle_77.png,5
class_10_circle_33.png,10
class_8_circle_72.png,8
class_6_circle_31.png,6
class_5_circle_43.png,5
class_10_circle_144.png,10
class_1_circle_95.png,1
class_1_circle_171.png,1
class_8_circle_44.png,8
class_3_circle_62.png,3
class_5_circle_171.png,5
class_4_circle_152.png,4
class_8_circle_8.png,8
class_3_circle_162.png,3
class_5_circle_194.png,5
class_10_circle_55.png,10
class_6_circle_159.png,6
class_4_circle_98.png,4
class_7_circle_45.png,7
class_4_circle_37.png,4
class_6_circle_106.png,6
class_2_circle_84.png,2
class_2_circle_94.png,2
class_10_circle_155.png,10
class_7_circle_141.png,7
class_4_circle_187.png,4
class_7_circle_183.png,7
class_6_circle_77.png,6
class_6_circle_68.png,6
class_8_circle_41.png,8
class_7_circle_3.png,7
class_4_circle_48.png,4
class_3_circle_146.png,3
class_4_circle_153.png,4
class_1_circle_157.png,1
class_4_circle_75.png,4
class_6_circle_19.png,6
class_10_circle_79.png,10
class_2_circle_50.png,2
class_8_circle_83.png,8
class_4_circle_156.png,4
class_10_circle_173.png,10
class_8_circle_97.png,8
class_10_circle_32.png,10
class_2_circle_80.png,2
class_4_circle_191.png,4
class_1_circle_4.png,1
class_10_circle_45.png,10
class_1_circle_19.png,1
class_10_circle_112.png,10
class_3_circle_139.png,3
class_8_circle_134.png,8
class_9_circle_178.png,9
class_8_circle_9.png,8
class_3_circle_80.png,3
class_8_circle_88.png,8
class_5_circle_119.png,5
class_3_circle_166.png,3
class_5_circle_104.png,5
class_6_circle_85.png,6
class_5_circle_79.png,5
class_8_circle_35.png,8
class_7_circle_56.png,7
class_10_circle_89.png,10
class_6_circle_178.png,6
class_2_circle_123.png,2
class_7_circle_108.png,7
class_4_circle_31.png,4
class_10_circle_142.png,10
class_1_circle_30.png,1
class_1_circle_98.png,1
class_1_circle_192.png,1
class_9_circle_92.png,9
class_4_circle_133.png,4
class_6_circle_169.png,6
class_6_circle_115.png,6
class_6_circle_100.png,6
class_6_circle_108.png,6
class_1_circle_190.png,1
class_10_circle_77.png,10
class_5_circle_200.png,5
class_10_circle_41.png,10
class_8_circle_111.png,8
class_9_circle_41.png,9
class_9_circle_61.png,9
class_10_circle_18.png,10
class_9_circle_167.png,9
class_4_circle_44.png,4
class_2_circle_45.png,2
class_5_circle_121.png,5
class_10_circle_23.png,10
class_8_circle_120.png,8
class_2_circle_187.png,2
class_10_circle_48.png,10
class_7_circle_190.png,7
class_5_circle_148.png,5
class_3_circle_120.png,3
class_10_circle_180.png,10
class_4_circle_134.png,4
class_8_circle_164.png,8
class_8_circle_37.png,8
class_10_circle_196.png,10
class_7_circle_157.png,7
class_4_circle_102.png,4
class_6_circle_162.png,6
class_8_circle_30.png,8
class_10_circle_64.png,10
class_3_circle_159.png,3
class_4_circle_97.png,4
class_1_circle_186.png,1
class_4_circle_83.png,4
class_10_circle_105.png,10
class_6_circle_156.png,6
class_2_circle_121.png,2
class_4_circle_183.png,4
class_8_circle_150.png,8
class_5_circle_111.png,5
class_2_circle_17.png,2
class_1_circle_1.png,1
class_8_circle_118.png,8
class_9_circle_36.png,9
class_5_circle_136.png,5
class_8_circle_175.png,8
class_6_circle_200.png,6
class_2_circle_88.png,2
class_4_circle_35.png,4
class_7_circle_102.png,7
class_5_circle_56.png,5
class_5_circle_24.png,5
class_5_circle_159.png,5
class_10_circle_39.png,10
class_4_circle_39.png,4
class_2_circle_26.png,2
class_7_circle_76.png,7
class_2_circle_166.png,2
class_5_circle_178.png,5
class_3_circle_155.png,3
class_7_circle_181.png,7
class_3_circle_5.png,3
class_4_circle_81.png,4
class_6_circle_130.png,6
class_4_circle_88.png,4
class_1_circle_89.png,1
class_7_circle_82.png,7
class_3_circle_21.png,3
class_8_circle_185.png,8
class_9_circle_182.png,9
